identification,company,note
032000000000001,Hacienda Principal,ya registrada (seeder BleReaderTestCaravansSeeder)
032000000000002,Hacienda Principal,ya registrada
032000000000003,Hacienda Principal,ya registrada
032000000000004,Hacienda Principal,ya registrada
032000000000005,Hacienda Principal,ya registrada
032000000000006,Hacienda Principal,ya registrada
032000000000007,Hacienda Principal,ya registrada
032000000000008,Hacienda Principal,ya registrada
032000000000009,Hacienda Principal,ya registrada
032000000000010,Hacienda Principal,ya registrada
032000000000011,Hacienda Secundaria,de otra empresa
032000000000012,Hacienda Secundaria,de otra empresa
